{
   "lat":44.6462,
   "lon":-63.5736,
   "timezone":"America/Halifax",
   "timezone_offset":-10800,
   "daily":[
      {
         "dt":1655827200,
         "sunrise":1655800138,
         "sunset":1655856188,
         "moonrise":1655786400,
         "moonset":1655829840,
         "moon_phase":0.75,
         "temp":{
            "day":12.95,
            "min":11.01,
            "max":14.56,
            "night":12.65,
            "eve":14.12,
            "morn":11.99
         },
         "feels_like":{
            "day":12.68,
            "night":12.22,
            "eve":13.68,
            "morn":11.75
         },
         "pressure":1021,
         "humidity":91,
         "dew_point":11.33,
         "wind_speed":2.66,
         "wind_deg":1,
         "wind_gust":4.9,
         "weather":[
            {
               "id":500,
               "main":"Rain",
               "description":"light rain",
               "icon":"10d"
            }
         ],
         "clouds":100,
         "pop":0.35,
         "rain":0.73,
         "uvi":4.11
      },
      {
         "dt":1655913600,
         "sunrise":1655886551,
         "sunset":1655942600,
         "moonrise":1655873940,
         "moonset":1655920320,
         "moon_phase":0.8,
         "temp":{
            "day":17.74,
            "min":9.44,
            "max":17.74,
            "night":11.48,
            "eve":15.62,
            "morn":11.27
         },
         "feels_like":{
            "day":17.19,
            "night":11.11,
            "eve":15.07,
            "morn":10.8
         },
         "pressure":1024,
         "humidity":62,
         "dew_point":9.67,
         "wind_speed":4.75,
         "wind_deg":192,
         "wind_gust":6.89,
         "weather":[
            {
               "id":800,
               "main":"Clear",
               "description":"clear sky",
               "icon":"01d"
            }
         ],
         "clouds":9,
         "pop":0,
         "uvi":9.48
      },
      {
         "dt":1656000000,
         "sunrise":1655972966,
         "sunset":1656029009,
         "moonrise":1655961540,
         "moonset":1656010740,
         "moon_phase":0.83,
         "temp":{
            "day":20.17,
            "min":10.66,
            "max":20.17,
            "night":16.41,
            "eve":13.81,
            "morn":12.74
         },
         "feels_like":{
            "day":19.6,
            "night":16.69,
            "eve":13.83,
            "morn":12.42
         },
         "pressure":1022,
         "humidity":52,
         "dew_point":9.04,
         "wind_speed":6.39,
         "wind_deg":145,
         "wind_gust":16,
         "weather":[
            {
               "id":501,
               "main":"Rain",
               "description":"moderate rain",
               "icon":"10d"
            }
         ],
         "clouds":11,
         "pop":1,
         "rain":12.63,
         "uvi":9.73
      },
      {
         "dt":1656086400,
         "sunrise":1656059384,
         "sunset":1656115415,
         "moonrise":1656049140,
         "moonset":1656101100,
         "moon_phase":0.86,
         "temp":{
            "day":16.27,
            "min":15.36,
            "max":16.55,
            "night":16.43,
            "eve":16.12,
            "morn":15.67
         },
         "feels_like":{
            "day":16.54,
            "night":16.71,
            "eve":16.37,
            "morn":15.88
         },
         "pressure":1016,
         "humidity":99,
         "dew_point":15.9,
         "wind_speed":6.09,
         "wind_deg":142,
         "wind_gust":15.74,
         "weather":[
            {
               "id":502,
               "main":"Rain",
               "description":"heavy intensity rain",
               "icon":"10d"
            }
         ],
         "clouds":100,
         "pop":1,
         "rain":74.8,
         "uvi":2.49
      },
      {
         "dt":1656172800,
         "sunrise":1656145803,
         "sunset":1656201820,
         "moonrise":1656136920,
         "moonset":1656191460,
         "moon_phase":0.89,
         "temp":{
            "day":16.89,
            "min":13.98,
            "max":19.08,
            "night":15.24,
            "eve":18.96,
            "morn":13.98
         },
         "feels_like":{
            "day":16.96,
            "night":15.14,
            "eve":19.03,
            "morn":14.02
         },
         "pressure":1016,
         "humidity":89,
         "dew_point":14.81,
         "wind_speed":6.04,
         "wind_deg":154,
         "wind_gust":15.06,
         "weather":[
            {
               "id":500,
               "main":"Rain",
               "description":"light rain",
               "icon":"10d"
            }
         ],
         "clouds":100,
         "pop":0.39,
         "rain":0.42,
         "uvi":3.2
      },
      {
         "dt":1656259200,
         "sunrise":1656232225,
         "sunset":1656288222,
         "moonrise":1656225000,
         "moonset":1656281760,
         "moon_phase":0.92,
         "temp":{
            "day":21.14,
            "min":13.76,
            "max":21.34,
            "night":15.66,
            "eve":19.76,
            "morn":13.76
         },
         "feels_like":{
            "day":21.11,
            "night":15.79,
            "eve":19.72,
            "morn":13.75
         },
         "pressure":1020,
         "humidity":69,
         "dew_point":14.58,
         "wind_speed":3.87,
         "wind_deg":187,
         "wind_gust":5.3,
         "weather":[
            {
               "id":801,
               "main":"Clouds",
               "description":"few clouds",
               "icon":"02d"
            }
         ],
         "clouds":17,
         "pop":0.12,
         "uvi":2.17
      },
      {
         "dt":1656345600,
         "sunrise":1656318648,
         "sunset":1656374622,
         "moonrise":1656313320,
         "moonset":1656371760,
         "moon_phase":0.95,
         "temp":{
            "day":20,
            "min":14.08,
            "max":20.31,
            "night":16,
            "eve":18.92,
            "morn":14.08
         },
         "feels_like":{
            "day":20.17,
            "night":16.06,
            "eve":18.9,
            "morn":14.13
         },
         "pressure":1016,
         "humidity":81,
         "dew_point":16.29,
         "wind_speed":6.96,
         "wind_deg":213,
         "wind_gust":15.32,
         "weather":[
            {
               "id":802,
               "main":"Clouds",
               "description":"scattered clouds",
               "icon":"03d"
            }
         ],
         "clouds":39,
         "pop":0,
         "uvi":3
      },
      {
         "dt":1656432000,
         "sunrise":1656405074,
         "sunset":1656461019,
         "moonrise":1656402120,
         "moonset":1656461520,
         "moon_phase":0,
         "temp":{
            "day":15.68,
            "min":15.28,
            "max":19.73,
            "night":15.28,
            "eve":19.73,
            "morn":15.92
         },
         "feels_like":{
            "day":15.86,
            "night":14.74,
            "eve":19.22,
            "morn":16.15
         },
         "pressure":1013,
         "humidity":98,
         "dew_point":15.14,
         "wind_speed":5.48,
         "wind_deg":214,
         "wind_gust":13.84,
         "weather":[
            {
               "id":501,
               "main":"Rain",
               "description":"moderate rain",
               "icon":"10d"
            }
         ],
         "clouds":100,
         "pop":0.99,
         "rain":13.5,
         "uvi":3
      }
   ]
}